url,Company,MailingAddress,Contact,PhoneNumber,CellPhoneNumber,email,PhysicalAddress
https://yellow.co.nz/y/rohland-plumbing-rakaia?c=1311%0A&src=name,"<span itemprop=""name"">Rohland Plumbing Ltd</span>",<p>Po Box 39002 Harewood Christchurch 8545</p>,,"<a class=""button actionCall phone-list shownumbers"" data-ga-id=""Phone_Call_Us""><i class=""icon-phone""></i> <span>Show numbers</span></a>",,"<meta itemprop=""email"" content=""rpl2004@xtra.co.nz"">",
https://yellow.co.nz/y/db-henderson-plumbing?c=1311%0A&src=name,"<span itemprop=""name"">D B Henderson Plumbing Ltd</span>",,,"<a class=""button actionCall phone-list shownumbers"" data-ga-id=""Phone_Call_Us""><i class=""icon-phone""></i> <span>Show numbers</span></a>",,"<meta itemprop=""email"" content=""dbhplumbing@xtra.co.nz"">",
https://yellow.co.nz/y/dann-bros-plumbers?c=1311%0A&src=name,"<span itemprop=""name"">Dann Bros Plumbers Ltd</span>",,,"<a class=""button actionCall phone-list shownumbers"" data-ga-id=""Phone_Call_Us""><i class=""icon-phone""></i> <span>Show numbers</span></a>",,"<meta itemprop=""email"" content=""danbro@slingshot.co.nz"">",
https://yellow.co.nz/y/richard-ilott-plumbing?c=1311%0A&src=name,,<p>None</p>,,"<a class=""button actionCall phone-list shownumbers"" data-ga-id=""Phone_Call_Us""><i class=""icon-phone""></i> <span>Show number</span></a>",,"<meta itemprop=""email"" content=""ilottplumbing@gmail.com"">",
https://yellow.co.nz/y/tm-plumbing-and?c=1311%0A&src=name,,,,"<a class=""button actionCall phone-list shownumbers"" data-ga-id=""Phone_Call_Us""><i class=""icon-phone""></i> <span>Show number</span></a>",,"<meta itemprop=""email"" content=""mark@tmplumbing.co.nz"">",
https://yellow.co.nz/y/ron-gardiner-plumbing?c=1311%0A&src=name,,,,"<a class=""button actionCall phone-list shownumbers"" data-ga-id=""Phone_Call_Us""><i class=""icon-phone""></i> <span>Show number</span></a>",,"<meta itemprop=""email"" content=""gardinerplumbing@gmail.com"">",
https://yellow.co.nz/y/shelley-cnma?c=1311%0A&src=name,,,,"<a class=""button actionCall phone-list shownumbers"" data-ga-id=""Phone_Call_Us""><i class=""icon-phone""></i> <span>Show number</span></a>",,,
https://yellow.co.nz/y/advantage?c=1311%0A&src=name,,,,"<a class=""button actionCall phone-list shownumbers"" data-ga-id=""Phone_Call_Us""><i class=""icon-phone""></i> <span>Show number</span></a>",,"<meta itemprop=""email"" content=""enquiries@advantageqt.co.nz"">",
https://yellow.co.nz/y/twsm-barker-plumbing-balcairn?c=1311%0A&src=name,,,,"<a class=""button actionCall phone-list shownumbers"" data-ga-id=""Phone_Call_Us""><i class=""icon-phone""></i> <span>Show number</span></a>",,,
https://yellow.co.nz/y/plumbher?c=1311%0A&src=name,,,,"<a class=""button actionCall phone-list shownumbers"" data-ga-id=""Phone_Call_Us""><i class=""icon-phone""></i> <span>Show number</span></a>",,,
https://yellow.co.nz/y/akaroa-plumbing?c=1311%0A&src=name,,,,"<a class=""button actionCall phone-list shownumbers"" data-ga-id=""Phone_Call_Us""><i class=""icon-phone""></i> <span>Show number</span></a>",,,
https://yellow.co.nz/y/waterworks-plumbing?c=1311%0A&src=name,,,,"<a class=""button actionCall phone-list shownumbers"" data-ga-id=""Phone_Call_Us""><i class=""icon-phone""></i> <span>Show number</span></a>",,,
https://yellow.co.nz/y/phil-golding-plumbing?c=1311%0A&src=name,,<p>None</p>,,"<a class=""button actionCall phone-list shownumbers"" data-ga-id=""Phone_Call_Us""><i class=""icon-phone""></i> <span>Show number</span></a>",,"<meta itemprop=""email"" content=""goldingplumbing@xtra.co.nz"">",
https://yellow.co.nz/y/michael-gale-plumbing?c=1311%0A&src=name,,,,"<a class=""button actionCall phone-list shownumbers"" data-ga-id=""Phone_Call_Us""><i class=""icon-phone""></i> <span>Show number</span></a>",,,
https://yellow.co.nz/y/brooklyn-services-spreydon?c=656%0A&src=name,,,,"<a class=""button actionCall phone-list shownumbers"" data-ga-id=""Phone_Call_Us""><i class=""icon-phone""></i> <span>Show number</span></a>",,"<meta itemprop=""email"" content=""sam@brooklynservices.co.nz"">",
https://yellow.co.nz/y/impact-plumbing-woolston?c=1311%0A&src=name,,,,"<a class=""button actionCall phone-list shownumbers"" data-ga-id=""Phone_Call_Us""><i class=""icon-phone""></i> <span>Show number</span></a>",,,
https://yellow.co.nz/y/white-taylor?c=1311%0A&src=name,,"<p>Free On-Street</p>,<p>Free Off-Street</p>",,"<a class=""button actionCall phone-list shownumbers"" data-ga-id=""Phone_Call_Us""><i class=""icon-phone""></i> <span>Show number</span></a>",,"<meta itemprop=""email"" content=""whitetaylor@xtra.co.nz"">",
https://yellow.co.nz/y/laser-plumbing-christchurch-west?c=1311%0A&src=name,,<p>PO BOX 16589 Christchurch Christchurch 8441</p>,,"<a class=""button actionCall phone-list shownumbers"" data-ga-id=""Phone_Call_Us""><i class=""icon-phone""></i> <span>Show numbers</span></a>",,"<meta itemprop=""email"" content=""chchwest@laserplumbing.co.nz"">",
https://yellow.co.nz/y/whitehead-plumbing-gas?c=100010%0A&src=name,,,,"<a class=""button actionCall phone-list shownumbers"" data-ga-id=""Phone_Call_Us""><i class=""icon-phone""></i> <span>Show number</span></a>",,"<meta itemprop=""email"" content=""info@whiteheadplumbing.co.nz"">",
https://yellow.co.nz/y/ar-edwards-plumbers?c=1311%0A&src=name,,,,"<a class=""button actionCall phone-list shownumbers"" data-ga-id=""Phone_Call_Us""><i class=""icon-phone""></i> <span>Show number</span></a>",,,
https://yellow.co.nz/y/layne-watson-plumbing?c=1311%0A&src=name,,,,"<a class=""button actionCall phone-list shownumbers"" data-ga-id=""Phone_Call_Us""><i class=""icon-phone""></i> <span>Show number</span></a>",,"<meta itemprop=""email"" content=""layne.watson@xtra.co.nz"">",
https://yellow.co.nz/y/gg-don?c=1311%0A&src=name,"<span itemprop=""name"">G G Don Ltd</span>",,,"<a class=""button actionCall phone-list shownumbers"" data-ga-id=""Phone_Call_Us""><i class=""icon-phone""></i> <span>Show number</span></a>",,"<meta itemprop=""email"" content=""office@ggdon.co.nz"">",
https://yellow.co.nz/y/plumbing-pro-north-christchurch?c=1311%0A&src=name,"<span itemprop=""name"">Plumbing Pro North Canterbury Ltd</span>",,,"<a class=""button actionCall phone-list shownumbers"" data-ga-id=""Phone_Call_Us""><i class=""icon-phone""></i> <span>Show numbers</span></a>",,"<meta itemprop=""email"" content=""info@plumbingpro.co.nz"">",
https://yellow.co.nz/y/mr-washer-plumber?c=1311%0A&src=name,,,,"<a class=""button actionCall phone-list shownumbers"" data-ga-id=""Phone_Call_Us""><i class=""icon-phone""></i> <span>Show number</span></a>",,,
https://yellow.co.nz/y/rpl-plumbing-wairakei?c=1311%0A&src=name,,,,"<a class=""button actionCall phone-list shownumbers"" data-ga-id=""Phone_Call_Us""><i class=""icon-phone""></i> <span>Show number</span></a>",,"<meta itemprop=""email"" content=""rpl2004@xtra.co.nz"">",
https://yellow.co.nz/y/porter-ian?c=1311%0A&src=name,,,,"<a class=""button actionCall phone-list shownumbers"" data-ga-id=""Phone_Call_Us""><i class=""icon-phone""></i> <span>Show number</span></a>",,,
https://yellow.co.nz/y/cam-stevens-plumbing?c=1311%0A&src=name,,,,"<a class=""button actionCall phone-list shownumbers"" data-ga-id=""Phone_Call_Us""><i class=""icon-phone""></i> <span>Show number</span></a>",,"<meta itemprop=""email"" content=""cam@camstevensplumbing.co.nz"">",
https://yellow.co.nz/y/laser-plumbing-christchurch-east?c=1311%0A&src=name,,,,"<a class=""button actionCall phone-list shownumbers"" data-ga-id=""Phone_Call_Us""><i class=""icon-phone""></i> <span>Show number</span></a>",,"<meta itemprop=""email"" content=""chcheast@laserplumbing.co.nz"">",
https://yellow.co.nz/y/plumb-right-somerfield?c=1311%0A&src=name,,<p>None</p>,,"<a class=""button actionCall phone-list shownumbers"" data-ga-id=""Phone_Call_Us""><i class=""icon-phone""></i> <span>Show number</span></a>",,"<meta itemprop=""email"" content=""info@plumb-right.co.nz"">",
https://yellow.co.nz/y/action-plumbing-gas-drainage?c=1311%0A&src=name,,,,"<a class=""button actionCall phone-list shownumbers"" data-ga-id=""Phone_Call_Us""><i class=""icon-phone""></i> <span>Show number</span></a>",,"<meta itemprop=""email"" content=""info@actionplumbing.co.nz"">",
https://yellow.co.nz/y/martin-fry-plumbing-shirley?c=1311%0A&src=name,,,,"<a class=""button actionCall phone-list shownumbers"" data-ga-id=""Phone_Call_Us""><i class=""icon-phone""></i> <span>Show number</span></a>",,,
https://yellow.co.nz/y/elite-plumbing-oxford?c=1311%0A&src=name,,,,"<a class=""button actionCall phone-list shownumbers"" data-ga-id=""Phone_Call_Us""><i class=""icon-phone""></i> <span>Show number</span></a>",,"<meta itemprop=""email"" content=""eliteplumbingchch@gmail.com"">",
https://yellow.co.nz/y/construction-plumbing-services?c=1311%0A&src=name,,,,"<a class=""button actionCall phone-list shownumbers"" data-ga-id=""Phone_Call_Us""><i class=""icon-phone""></i> <span>Show number</span></a>",,"<meta itemprop=""email"" content=""heasley@xtra.co.nz"">",
https://yellow.co.nz/y/just-plumbing-belfast?c=1311%0A&src=name,,,,"<a class=""button actionCall phone-list shownumbers"" data-ga-id=""Phone_Call_Us""><i class=""icon-phone""></i> <span>Show number</span></a>",,"<meta itemprop=""email"" content=""plug@xtra.co.nz"">",
https://yellow.co.nz/y/artisan-plumbing-gas-rangiora?c=1311%0A&src=name,,,,"<a class=""button actionCall phone-list shownumbers"" data-ga-id=""Phone_Call_Us""><i class=""icon-phone""></i> <span>Show number</span></a>",,,
https://yellow.co.nz/y/chris-dickson-west-melton-2?c=1311%0A&src=name,"<span itemprop=""name"">Chris Dickson Plumbing Ltd</span>",,,"<a class=""button actionCall phone-list shownumbers"" data-ga-id=""Phone_Call_Us""><i class=""icon-phone""></i> <span>Show numbers</span></a>",,"<meta itemprop=""email"" content=""dicksonplumbing@xtra.co.nz"">",
https://yellow.co.nz/y/city-drainage-blocked?c=1311%0A&src=name,,,,"<a class=""button actionCall phone-list shownumbers"" data-ga-id=""Phone_Call_Us""><i class=""icon-phone""></i> <span>Show number</span></a>",,"<meta itemprop=""email"" content=""darren@citydrains.co.nz"">",
https://yellow.co.nz/y/bamford-plumbing-culverden-2?c=1311%0A&src=name,"<span itemprop=""name"">Bamford Plumbing</span>",,,"<a class=""button actionCall phone-list shownumbers"" data-ga-id=""Phone_Call_Us""><i class=""icon-phone""></i> <span>Show numbers</span></a>",,"<meta itemprop=""email"" content=""bamfordplumbing@xtra.co.nz"">",
https://yellow.co.nz/y/mj-robertson-plumbing-west?c=1311%0A&src=name,"<span itemprop=""name"">M J Robertson Plumbing Ltd</span>",,,"<a class=""button actionCall phone-list shownumbers"" data-ga-id=""Phone_Call_Us""><i class=""icon-phone""></i> <span>Show numbers</span></a>",,"<meta itemprop=""email"" content=""office@mjr.co.nz"">",
https://yellow.co.nz/y/mike-cairns-gas?c=1311%0A&src=name,"<span itemprop=""name"">Mike Cairns Gas &amp; Plumbing</span>",,,"<a class=""button actionCall phone-list shownumbers"" data-ga-id=""Phone_Call_Us""><i class=""icon-phone""></i> <span>Show number</span></a>",,"<meta itemprop=""email"" content=""mike_cairns@ymail.com"">",
https://yellow.co.nz/y/kaikoura-plumbing-drainage?c=1311%0A&src=name,"<span itemprop=""name"">Kaikoura Plumbing Drainage &amp; Gasfitting Services</span>",,,"<a class=""button actionCall phone-list shownumbers"" data-ga-id=""Phone_Call_Us""><i class=""icon-phone""></i> <span>Show numbers</span></a>",,"<meta itemprop=""email"" content=""s.r.oreilly@hotmail.com"">",
https://yellow.co.nz/y/doakys-plumbing-elgin?c=1311%0A&src=name,"<span itemprop=""name"">Doaky's Plumbing Ltd</span>",<p>2004</p>,,"<a class=""button actionCall phone-list shownumbers"" data-ga-id=""Phone_Call_Us""><i class=""icon-phone""></i> <span>Show number</span></a>",,"<meta itemprop=""email"" content=""doakys@xtra.co.nz"">",
https://yellow.co.nz/y/dave-workman-ashburton?c=1311%0A&src=name,"<span itemprop=""name"">Dave Workman Plumbing Heating &amp; Gas Fitting Ltd</span>",<p>  ASHBURTON 7740</p>,,"<a class=""button actionCall phone-list shownumbers"" data-ga-id=""Phone_Call_Us""><i class=""icon-phone""></i> <span>Show numbers</span></a>",,"<meta itemprop=""email"" content=""daveworkman.plumbing@gmail.com"">",
https://yellow.co.nz/y/brians-plumbing-services-ltd?c=1311%0A&src=name,"<span itemprop=""name"">Brians Plumbing Services Ltd</span>",,,"<a class=""button actionCall phone-list shownumbers"" data-ga-id=""Phone_Call_Us""><i class=""icon-phone""></i> <span>Show numbers</span></a>",,"<meta itemprop=""email"" content=""brianspsltd@Icloud.com"">",
https://yellow.co.nz/y/plumb-fast-christchurch-3?c=1311%0A&src=name,"<span itemprop=""name"">Plumb - Fast Ltd</span>",,,"<a class=""button actionCall phone-list shownumbers"" data-ga-id=""Phone_Call_Us""><i class=""icon-phone""></i> <span>Show numbers</span></a>",,"<meta itemprop=""email"" content=""glen@plumbfast.co.nz"">",
https://yellow.co.nz/y/dj-plumbing-aotearoa?c=1311%0A&src=name,"<span itemprop=""name"">DJ Plumbing - Aotearoa Ltd</span>",<p>2006</p>,,"<a class=""button actionCall phone-list shownumbers"" data-ga-id=""Phone_Call_Us""><i class=""icon-phone""></i> <span>Show numbers</span></a>",,"<meta itemprop=""email"" content=""djplumbing@xtra.co.nz"">",
https://yellow.co.nz/y/north-canterbury-plumbing?c=1311%0A&src=name,"<span itemprop=""name"">North Canterbury Plumbing</span>",,,"<a class=""button actionCall phone-list shownumbers"" data-ga-id=""Phone_Call_Us""><i class=""icon-phone""></i> <span>Show number</span></a>",,"<meta itemprop=""email"" content=""plumber@majorleak.net"">",
https://yellow.co.nz/y/michael-gale-plumbing-retreat?c=1311%0A&src=name,"<span itemprop=""name"">Michael Gale Plumbing</span>",,,"<a class=""button actionCall phone-list shownumbers"" data-ga-id=""Phone_Call_Us""><i class=""icon-phone""></i> <span>Show number</span></a>",,"<meta itemprop=""email"" content=""mike.gale@xtra.co.nz"">",
https://yellow.co.nz/y/city-drainage-blocked-drains?c=1311%0A&src=name,"<span itemprop=""name"">POOMAN NZ LTD</span>",<p>PO BOX 20492 Bishopdale Christchurch 8543</p>,,"<a class=""button actionCall phone-list shownumbers"" data-ga-id=""Phone_Call_Us""><i class=""icon-phone""></i> <span>Show numbers</span></a>",,"<meta itemprop=""email"" content=""darren@citydrains.co.nz"">",
https://yellow.co.nz/y/richard-rea-coleridge-street-2?c=1311%0A&src=name,"<span itemprop=""name"">Richard Rea Plumbing Ltd</span>",,,"<a class=""button actionCall phone-list shownumbers"" data-ga-id=""Phone_Call_Us""><i class=""icon-phone""></i> <span>Show number</span></a>",,"<meta itemprop=""email"" content=""r.rea@plumbing4u.co.nz"">",
https://yellow.co.nz/y/walton-plumbing-coleridge-street?c=1311%0A&src=name,"<span itemprop=""name"">Walton Plumbing Ltd</span>",,,"<a class=""button actionCall phone-list shownumbers"" data-ga-id=""Phone_Call_Us""><i class=""icon-phone""></i> <span>Show numbers</span></a>",,"<meta itemprop=""email"" content=""waltonpl@ihug.co.nz"">",
https://yellow.co.nz/y/body-ken-plumbing?c=1311%0A&src=name,"<span itemprop=""name"">Body Ken Plumbing</span>",,,"<a class=""button actionCall phone-list shownumbers"" data-ga-id=""Phone_Call_Us""><i class=""icon-phone""></i> <span>Show numbers</span></a>",,"<meta itemprop=""email"" content=""kenbodyplumbing@xtra.co.nz"">",
https://yellow.co.nz/y/all-about-middleton?c=1311%0A&src=name,"<span itemprop=""name"">All About Plumbing</span>",,,"<a class=""button actionCall phone-list shownumbers"" data-ga-id=""Phone_Call_Us""><i class=""icon-phone""></i> <span>Show numbers</span></a>",,"<meta itemprop=""email"" content=""richard@allaboutplumbing.co.nz"">",
https://yellow.co.nz/y/linwood-plumbing-christchurch?c=1311%0A&src=name,"<span itemprop=""name"">Linwood Plumbing</span>","<p>646  Gloucester St Linwood, Christchurch 8062</p>",,"<a class=""button actionCall phone-list shownumbers"" data-ga-id=""Phone_Call_Us""><i class=""icon-phone""></i> <span>Show numbers</span></a>",,"<meta itemprop=""email"" content=""linwoodplumbing@hotmail.co.nz"">",
https://yellow.co.nz/y/4-ever-swannanoa?c=1311%0A&src=name,"<span itemprop=""name"">4 Ever Plumbing</span>",,,"<a class=""button actionCall phone-list shownumbers"" data-ga-id=""Phone_Call_Us""><i class=""icon-phone""></i> <span>Show numbers</span></a>",,"<meta itemprop=""email"" content=""plumber_27@yahoo.com"">",
https://yellow.co.nz/y/gg-don-sturrocks?c=1311%0A&src=name,"<span itemprop=""name"">G G Don Ltd</span>",,,"<a class=""button actionCall phone-list shownumbers"" data-ga-id=""Phone_Call_Us""><i class=""icon-phone""></i> <span>Show numbers</span></a>",,"<meta itemprop=""email"" content=""office@ggdon.co.nz"">",
https://yellow.co.nz/y/mulqueen-gerard-plumbing?c=1311%0A&src=name,,,,"<a class=""button actionCall phone-list shownumbers"" data-ga-id=""Phone_Call_Us""><i class=""icon-phone""></i> <span>Show numbers</span></a>",,,
https://yellow.co.nz/y/amberley-plumbing-drainage?c=1311%0A&src=name,,,,"<a class=""button actionCall phone-list shownumbers"" data-ga-id=""Phone_Call_Us""><i class=""icon-phone""></i> <span>Show number</span></a>",,"<meta itemprop=""email"" content=""amberleyplumbing@xtra.co.nz"">",
https://yellow.co.nz/y/crusader-plumbing-drainage?c=1311%0A&src=name,,,,"<a class=""button actionCall phone-list shownumbers"" data-ga-id=""Phone_Call_Us""><i class=""icon-phone""></i> <span>Show number</span></a>",,"<meta itemprop=""email"" content=""crusaderplumbing@xtra.co.nz"">",
https://yellow.co.nz/y/mh-plumbing-and-gas?c=1311%0A&src=name,,,,"<a class=""button actionCall phone-list shownumbers"" data-ga-id=""Phone_Call_Us""><i class=""icon-phone""></i> <span>Show number</span></a>",,,
https://yellow.co.nz/y/steve-temple-plumbing?c=1311%0A&src=name,,,,"<a class=""button actionCall phone-list shownumbers"" data-ga-id=""Phone_Call_Us""><i class=""icon-phone""></i> <span>Show number</span></a>",,,
https://yellow.co.nz/y/mj-robertson-plumbing?c=1311%0A&src=name,,,,"<a class=""button actionCall phone-list shownumbers"" data-ga-id=""Phone_Call_Us""><i class=""icon-phone""></i> <span>Show number</span></a>",,"<meta itemprop=""email"" content=""office@mjr.co.nz"">",
https://yellow.co.nz/y/brett-stanley-plumbing-old?c=1311%0A&src=name,,,,"<a class=""button actionCall phone-list shownumbers"" data-ga-id=""Phone_Call_Us""><i class=""icon-phone""></i> <span>Show number</span></a>",,"<meta itemprop=""email"" content=""bs.plumbing@xtra.co.nz"">",
https://yellow.co.nz/y/rj-shivas-plumbing?c=1311%0A&src=name,,,,"<a class=""button actionCall phone-list shownumbers"" data-ga-id=""Phone_Call_Us""><i class=""icon-phone""></i> <span>Show numbers</span></a>",,,
https://yellow.co.nz/y/affordable-guttering-tilford?c=1311%0A&src=name,,,,"<a class=""button actionCall phone-list shownumbers"" data-ga-id=""Phone_Call_Us""><i class=""icon-phone""></i> <span>Show number</span></a>",,"<meta itemprop=""email"" content=""affordablegutteringltd@live.com"">",
https://yellow.co.nz/y/willcox-plumbing?c=1311%0A&src=name,,,,"<a class=""button actionCall phone-list shownumbers"" data-ga-id=""Phone_Call_Us""><i class=""icon-phone""></i> <span>Show number</span></a>",,,
https://yellow.co.nz/y/ross-richdale-plumbers-bromley?c=1311%0A&src=name,,,,"<a class=""button actionCall phone-list shownumbers"" data-ga-id=""Phone_Call_Us""><i class=""icon-phone""></i> <span>Show number</span></a>",,"<meta itemprop=""email"" content=""ross.r@xtra.co.nz"">",
https://yellow.co.nz/y/mccrory-plumbing-kaikoura-kaikoura?c=1311%0A&src=name,,<p>Free Off-Street</p>,,"<a class=""button actionCall phone-list shownumbers"" data-ga-id=""Phone_Call_Us""><i class=""icon-phone""></i> <span>Show number</span></a>",,"<meta itemprop=""email"" content=""mccroryplumbing@orcon.net.nz"">",
https://yellow.co.nz/y/noel-white-plumber?c=1311%0A&src=name,,,,"<a class=""button actionCall phone-list shownumbers"" data-ga-id=""Phone_Call_Us""><i class=""icon-phone""></i> <span>Show number</span></a>",,"<meta itemprop=""email"" content=""familywhite@xtra.co.nz"">",
https://yellow.co.nz/y/waimak-plumbing?c=1311%0A&src=name,,,,"<a class=""button actionCall phone-list shownumbers"" data-ga-id=""Phone_Call_Us""><i class=""icon-phone""></i> <span>Show number</span></a>",,"<meta itemprop=""email"" content=""ross@waimakplumbing.co.nz"">",
https://yellow.co.nz/y/central-heating-and?c=951%0A&src=name,,,,"<a class=""button actionCall phone-list shownumbers"" data-ga-id=""Phone_Call_Us""><i class=""icon-phone""></i> <span>Show number</span></a>",,"<meta itemprop=""email"" content=""chapsltd@xtra.co.nz"">",
https://yellow.co.nz/y/bates-plumbing-chch?c=1311%0A&src=name,,,,"<a class=""button actionCall phone-list shownumbers"" data-ga-id=""Phone_Call_Us""><i class=""icon-phone""></i> <span>Show number</span></a>",,,
https://yellow.co.nz/y/keith-whiting-plumbers?c=1311%0A&src=name,,,,"<a class=""button actionCall phone-list shownumbers"" data-ga-id=""Phone_Call_Us""><i class=""icon-phone""></i> <span>Show number</span></a>",,,
https://yellow.co.nz/y/canterbury-plumbing-graeme-keates?c=1311%0A&src=name,,<p>Free On-Street</p>,,"<a class=""button actionCall phone-list shownumbers"" data-ga-id=""Phone_Call_Us""><i class=""icon-phone""></i> <span>Show number</span></a>",,"<meta itemprop=""email"" content=""canterburyplumbing@xtra.co.nz"">",
https://yellow.co.nz/y/chris-dickson-plumbing?c=1311%0A&src=name,,,,"<a class=""button actionCall phone-list shownumbers"" data-ga-id=""Phone_Call_Us""><i class=""icon-phone""></i> <span>Show number</span></a>",,"<meta itemprop=""email"" content=""dicksonplumbing@xtra.co.nz"">",
https://yellow.co.nz/y/city-plumbing-westmorland?c=1311%0A&src=name,,,,"<a class=""button actionCall phone-list shownumbers"" data-ga-id=""Phone_Call_Us""><i class=""icon-phone""></i> <span>Show number</span></a>",,,
https://yellow.co.nz/y/peter-diver-plumbing-christchurch?c=656%0A&src=name,,,,"<a class=""button actionCall phone-list shownumbers"" data-ga-id=""Phone_Call_Us""><i class=""icon-phone""></i> <span>Show number</span></a>",,,
https://yellow.co.nz/y/plumbing-pro-north-rangiora?c=1311%0A&src=name,,,,"<a class=""button actionCall phone-list shownumbers"" data-ga-id=""Phone_Call_Us""><i class=""icon-phone""></i> <span>Show number</span></a>",,"<meta itemprop=""email"" content=""info@plumbingpro.co.nz"">",
https://yellow.co.nz/y/dl-plumbing-gasfitting?c=1311%0A&src=name,,,,"<a class=""button actionCall phone-list shownumbers"" data-ga-id=""Phone_Call_Us""><i class=""icon-phone""></i> <span>Show number</span></a>",,"<meta itemprop=""email"" content=""dlplumbing@xtra.co.nz"">",
https://yellow.co.nz/y/port-hills-plumbing?c=1311%0A&src=name,,,,"<a class=""button actionCall phone-list shownumbers"" data-ga-id=""Phone_Call_Us""><i class=""icon-phone""></i> <span>Show number</span></a>",,,
https://yellow.co.nz/y/bc-plumbers-christchurch?c=1311%0A&src=name,,,,"<a class=""button actionCall phone-list shownumbers"" data-ga-id=""Phone_Call_Us""><i class=""icon-phone""></i> <span>Show number</span></a>",,,
https://yellow.co.nz/y/linwood-plumbing-linwood?c=1311%0A&src=name,,,,"<a class=""button actionCall phone-list shownumbers"" data-ga-id=""Phone_Call_Us""><i class=""icon-phone""></i> <span>Show number</span></a>",,"<meta itemprop=""email"" content=""linwoodplumbing@hotmail.com"">",
https://yellow.co.nz/y/bw-jones?c=1311%0A&src=name,,,,"<a class=""button actionCall phone-list shownumbers"" data-ga-id=""Phone_Call_Us""><i class=""icon-phone""></i> <span>Show number</span></a>",,,
https://yellow.co.nz/y/water-craft-plumbing-king?c=1311%0A&src=name,,,,"<a class=""button actionCall phone-list shownumbers"" data-ga-id=""Phone_Call_Us""><i class=""icon-phone""></i> <span>Show number</span></a>",,,
https://yellow.co.nz/y/summerfield-paul-plumbing?c=1311%0A&src=name,,,,"<a class=""button actionCall phone-list shownumbers"" data-ga-id=""Phone_Call_Us""><i class=""icon-phone""></i> <span>Show number</span></a>",,,
https://yellow.co.nz/y/msr-plumbing-christchurch?c=1311%0A&src=name,,,,"<a class=""button actionCall phone-list shownumbers"" data-ga-id=""Phone_Call_Us""><i class=""icon-phone""></i> <span>Show number</span></a>",,,
https://yellow.co.nz/y/1st-choice-plumbing-beckenham?c=1311%0A&src=name,,,,"<a class=""button actionCall phone-list shownumbers"" data-ga-id=""Phone_Call_Us""><i class=""icon-phone""></i> <span>Show number</span></a>",,,
https://yellow.co.nz/y/brewer-gn?c=1311%0A&src=name,,,,"<a class=""button actionCall phone-list shownumbers"" data-ga-id=""Phone_Call_Us""><i class=""icon-phone""></i> <span>Show number</span></a>",,"<meta itemprop=""email"" content=""gnbrewer@xtra.co.nz"">",
https://yellow.co.nz/y/peter-diver-plumbing?c=1311%0A&src=name,,,,"<a class=""button actionCall phone-list shownumbers"" data-ga-id=""Phone_Call_Us""><i class=""icon-phone""></i> <span>Show number</span></a>",,"<meta itemprop=""email"" content=""info@peterdiver.co.nz"">",
https://yellow.co.nz/y/ross-mgg-plumber?c=1311%0A&src=name,,,,"<a class=""button actionCall phone-list shownumbers"" data-ga-id=""Phone_Call_Us""><i class=""icon-phone""></i> <span>Show number</span></a>",,,
https://yellow.co.nz/y/pamment-plumming?c=1311%0A&src=name,,,,"<a class=""button actionCall phone-list shownumbers"" data-ga-id=""Phone_Call_Us""><i class=""icon-phone""></i> <span>Show number</span></a>",,"<meta itemprop=""email"" content=""pammentplumbing@xtra.co.nz"">",
https://yellow.co.nz/y/aquarius-plumbing?c=1311%0A&src=name,,,,"<a class=""button actionCall phone-list shownumbers"" data-ga-id=""Phone_Call_Us""><i class=""icon-phone""></i> <span>Show number</span></a>",,,
https://yellow.co.nz/y/infinity-plumbing?c=1311%0A&src=name,,,,"<a class=""button actionCall phone-list shownumbers"" data-ga-id=""Phone_Call_Us""><i class=""icon-phone""></i> <span>Show number</span></a>",,,
https://yellow.co.nz/y/plumbher-christchurch?c=1311%0A&src=name,,,,"<a class=""button actionCall phone-list shownumbers"" data-ga-id=""Phone_Call_Us""><i class=""icon-phone""></i> <span>Show number</span></a>",,,
https://yellow.co.nz/y/tidball-plumbing?c=1311%0A&src=name,,,,"<a class=""button actionCall phone-list shownumbers"" data-ga-id=""Phone_Call_Us""><i class=""icon-phone""></i> <span>Show number</span></a>",,"<meta itemprop=""email"" content=""info@plumbingpro.co.nz"">",
https://yellow.co.nz/y/town-country-plumbing-christchurch?c=1311%0A&src=name,,,,"<a class=""button actionCall phone-list shownumbers"" data-ga-id=""Phone_Call_Us""><i class=""icon-phone""></i> <span>Show number</span></a>",,,
https://yellow.co.nz/y/rohland-plumbing-wairakei?c=1311%0A&src=name,,,,"<a class=""button actionCall phone-list shownumbers"" data-ga-id=""Phone_Call_Us""><i class=""icon-phone""></i> <span>Show number</span></a>",,,
https://yellow.co.nz/y/bamford-plumbing?c=1311%0A&src=name,,,,"<a class=""button actionCall phone-list shownumbers"" data-ga-id=""Phone_Call_Us""><i class=""icon-phone""></i> <span>Show number</span></a>",,,
https://yellow.co.nz/y/geddes-plumbing?c=1311%0A&src=name,,,,"<a class=""button actionCall phone-list shownumbers"" data-ga-id=""Phone_Call_Us""><i class=""icon-phone""></i> <span>Show number</span></a>",,"<meta itemprop=""email"" content=""info@geddesplumbing.co.nz"">",
https://yellow.co.nz/y/griffiths-water-air?c=15065%0A&src=name,,,,"<a class=""button actionCall phone-list shownumbers"" data-ga-id=""Phone_Call_Us""><i class=""icon-phone""></i> <span>Show number</span></a>",,"<meta itemprop=""email"" content=""kevin.griffiths@gwas.co.nz"">",
https://yellow.co.nz/y/target-plumbing-stanton?c=1311%0A&src=name,,,,"<a class=""button actionCall phone-list shownumbers"" data-ga-id=""Phone_Call_Us""><i class=""icon-phone""></i> <span>Show number</span></a>",,"<meta itemprop=""email"" content=""targetplumbing@xtra.co.nz"">",
https://yellow.co.nz/y/eco-plumbers?c=1311%0A&src=name,,,,"<a class=""button actionCall phone-list shownumbers"" data-ga-id=""Phone_Call_Us""><i class=""icon-phone""></i> <span>Show number</span></a>",,,
https://yellow.co.nz/y/graham-bond?c=1311%0A&src=name,,<p>Free On-Street</p>,,"<a class=""button actionCall phone-list shownumbers"" data-ga-id=""Phone_Call_Us""><i class=""icon-phone""></i> <span>Show numbers</span></a>",,"<meta itemprop=""email"" content=""oneleague@xtra.co.nz"">",
https://yellow.co.nz/y/plumber-christchurch?c=1311%0A&src=name,,,,"<a class=""button actionCall phone-list shownumbers"" data-ga-id=""Phone_Call_Us""><i class=""icon-phone""></i> <span>Show number</span></a>",,,
https://yellow.co.nz/y/griffiths-water-air-services?c=1311%0A&src=name,,,,"<a class=""button actionCall phone-list shownumbers"" data-ga-id=""Phone_Call_Us""><i class=""icon-phone""></i> <span>Show number</span></a>",,"<meta itemprop=""email"" content=""kevin.griffiths@gwas.co.nz"">",
https://yellow.co.nz/y/enviroplumb?c=1311%0A&src=name,,,,"<a class=""button actionCall phone-list shownumbers"" data-ga-id=""Phone_Call_Us""><i class=""icon-phone""></i> <span>Show number</span></a>",,,
https://yellow.co.nz/y/mr-plumber-christchurch?c=1311%0A&src=name,,,,"<a class=""button actionCall phone-list shownumbers"" data-ga-id=""Phone_Call_Us""><i class=""icon-phone""></i> <span>Show number</span></a>",,"<meta itemprop=""email"" content=""plumbers@clyne-bennie.co.nz"">",
https://yellow.co.nz/y/peter-young-plumber?c=1311%0A&src=name,,,,"<a class=""button actionCall phone-list shownumbers"" data-ga-id=""Phone_Call_Us""><i class=""icon-phone""></i> <span>Show number</span></a>",,"<meta itemprop=""email"" content=""plyoung@xtra.co.nz"">",
https://yellow.co.nz/y/ja-le-brun?c=1311%0A&src=name,,,,"<a class=""button actionCall phone-list shownumbers"" data-ga-id=""Phone_Call_Us""><i class=""icon-phone""></i> <span>Show number</span></a>",,,
https://yellow.co.nz/y/macdonald-plumbing?c=1311%0A&src=name,,,,"<a class=""button actionCall phone-list shownumbers"" data-ga-id=""Phone_Call_Us""><i class=""icon-phone""></i> <span>Show number</span></a>",,,
https://yellow.co.nz/y/wakefield-jwfbce-saint?c=1311%0A&src=name,,,,"<a class=""button actionCall phone-list shownumbers"" data-ga-id=""Phone_Call_Us""><i class=""icon-phone""></i> <span>Show number</span></a>",,,
https://yellow.co.nz/y/rheem-water-heater-sydenham?c=1311%0A&src=name,,,,"<a class=""button actionCall phone-list shownumbers"" data-ga-id=""Phone_Call_Us""><i class=""icon-phone""></i> <span>Show number</span></a>",,"<meta itemprop=""email"" content=""plumbers@clyne-bennie.co.nz"">",
https://yellow.co.nz/y/daryll-bennett-plumbing?c=1311%0A&src=name,,,,"<a class=""button actionCall phone-list shownumbers"" data-ga-id=""Phone_Call_Us""><i class=""icon-phone""></i> <span>Show number</span></a>",,,
https://yellow.co.nz/y/gillon-maher-plumbing?c=1311%0A&src=name,,,,"<a class=""button actionCall phone-list shownumbers"" data-ga-id=""Phone_Call_Us""><i class=""icon-phone""></i> <span>Show number</span></a>",,"<meta itemprop=""email"" content=""info@gmplumbing.co.nz"">",
https://yellow.co.nz/y/hot-water-specialists?c=1311%0A&src=name,,,,"<a class=""button actionCall phone-list shownumbers"" data-ga-id=""Phone_Call_Us""><i class=""icon-phone""></i> <span>Show number</span></a>",,,
https://yellow.co.nz/y/gearry-may?c=1311%0A&src=name,,,,"<a class=""button actionCall phone-list shownumbers"" data-ga-id=""Phone_Call_Us""><i class=""icon-phone""></i> <span>Show number</span></a>",,"<meta itemprop=""email"" content=""admin@gearrymay.co.nz"">",
https://yellow.co.nz/y/warwick-kirwan-plumbing?c=1311%0A&src=name,,,,"<a class=""button actionCall phone-list shownumbers"" data-ga-id=""Phone_Call_Us""><i class=""icon-phone""></i> <span>Show number</span></a>",,,
https://yellow.co.nz/y/kevin-baker-plumbing?c=1311%0A&src=name,,<p>None</p>,,"<a class=""button actionCall phone-list shownumbers"" data-ga-id=""Phone_Call_Us""><i class=""icon-phone""></i> <span>Show number</span></a>",,"<meta itemprop=""email"" content=""kbaker@ihug.co.nz"">",
https://yellow.co.nz/y/reliance-plumbing?c=1311%0A&src=name,,,,"<a class=""button actionCall phone-list shownumbers"" data-ga-id=""Phone_Call_Us""><i class=""icon-phone""></i> <span>Show number</span></a>",,,
https://yellow.co.nz/y/hunter-plumbing?c=1311%0A&src=name,,,,"<a class=""button actionCall phone-list shownumbers"" data-ga-id=""Phone_Call_Us""><i class=""icon-phone""></i> <span>Show number</span></a>",,"<meta itemprop=""email"" content=""hunterplumbing@ymail.com"">",
https://yellow.co.nz/y/kj-body-plumbing?c=1311%0A&src=name,,,,"<a class=""button actionCall phone-list shownumbers"" data-ga-id=""Phone_Call_Us""><i class=""icon-phone""></i> <span>Show number</span></a>",,"<meta itemprop=""email"" content=""kenbodyplumbing@xtra.co.nz"">",
https://yellow.co.nz/y/garden-city-plumbers?c=1311%0A&src=name,,,,"<a class=""button actionCall phone-list shownumbers"" data-ga-id=""Phone_Call_Us""><i class=""icon-phone""></i> <span>Show number</span></a>",,"<meta itemprop=""email"" content=""bandcnettleton@xtra.co.nz"">",
https://yellow.co.nz/y/foley-plumbers-eglinton?c=1311%0A&src=name,,,,"<a class=""button actionCall phone-list shownumbers"" data-ga-id=""Phone_Call_Us""><i class=""icon-phone""></i> <span>Show number</span></a>",,"<meta itemprop=""email"" content=""craig@foleyplumbers.co.nz"">",
https://yellow.co.nz/y/nick-jones-christchurch?c=1311%0A&src=name,,,,"<a class=""button actionCall phone-list shownumbers"" data-ga-id=""Phone_Call_Us""><i class=""icon-phone""></i> <span>Show number</span></a>",,"<meta itemprop=""email"" content=""njpl@ihug.co.nz"">",
https://yellow.co.nz/y/henderson-db-plumbing?c=1311%0A&src=name,,,,"<a class=""button actionCall phone-list shownumbers"" data-ga-id=""Phone_Call_Us""><i class=""icon-phone""></i> <span>Show number</span></a>",,,
https://yellow.co.nz/y/richard-rea-plumbing-coleridge?c=13974%0A&src=name,,,,"<a class=""button actionCall phone-list shownumbers"" data-ga-id=""Phone_Call_Us""><i class=""icon-phone""></i> <span>Show number</span></a>",,"<meta itemprop=""email"" content=""r.rea@plumbing4u.co.nz"">",
https://yellow.co.nz/y/pooman-nz?c=1311%0A&src=name,,,,"<a class=""button actionCall phone-list shownumbers"" data-ga-id=""Phone_Call_Us""><i class=""icon-phone""></i> <span>Show number</span></a>",,"<meta itemprop=""email"" content=""darren@citydrains.co.nz"">",
https://yellow.co.nz/y/zenith-water-heaters-sydenham?c=1311%0A&src=name,,,,"<a class=""button actionCall phone-list shownumbers"" data-ga-id=""Phone_Call_Us""><i class=""icon-phone""></i> <span>Show number</span></a>",,"<meta itemprop=""email"" content=""plumbers@clyne-bennie.co.nz"">",
https://yellow.co.nz/y/mike-cairns-sumner?c=1311%0A&src=name,,,,"<a class=""button actionCall phone-list shownumbers"" data-ga-id=""Phone_Call_Us""><i class=""icon-phone""></i> <span>Show number</span></a>",,,
https://yellow.co.nz/y/united-plumbers-shirley?c=1311%0A&src=name,,,,"<a class=""button actionCall phone-list shownumbers"" data-ga-id=""Phone_Call_Us""><i class=""icon-phone""></i> <span>Show number</span></a>",,"<meta itemprop=""email"" content=""alan@sinclairplumbing.co.nz"">",
https://yellow.co.nz/y/farrelly-wr?c=1311%0A&src=name,,,,"<a class=""button actionCall phone-list shownumbers"" data-ga-id=""Phone_Call_Us""><i class=""icon-phone""></i> <span>Show number</span></a>",,,
https://yellow.co.nz/y/plastec-plastic-repair-clinic?c=1311%0A&src=name,,"<p>Free Off-Street</p>,<p>Free On-Street</p>",,"<a class=""button actionCall phone-list shownumbers"" data-ga-id=""Phone_Call_Us""><i class=""icon-phone""></i> <span>Show number</span></a>",,"<meta itemprop=""email"" content=""plastec@ihug.co.nz"">",
https://yellow.co.nz/y/aquatec-plumbing-2013?c=1311%0A&src=name,,,,"<a class=""button actionCall phone-list shownumbers"" data-ga-id=""Phone_Call_Us""><i class=""icon-phone""></i> <span>Show number</span></a>",,,
https://yellow.co.nz/y/southplumb?c=1311%0A&src=name,,,,"<a class=""button actionCall phone-list shownumbers"" data-ga-id=""Phone_Call_Us""><i class=""icon-phone""></i> <span>Show number</span></a>",,"<meta itemprop=""email"" content=""southplumb@xtra.co.nz"">",
https://yellow.co.nz/y/sleight-plumbing-juliet-place?c=1311%0A&src=name,,,,"<a class=""button actionCall phone-list shownumbers"" data-ga-id=""Phone_Call_Us""><i class=""icon-phone""></i> <span>Show number</span></a>",,"<meta itemprop=""email"" content=""tehaara@slingshot.co.nz"">",
https://yellow.co.nz/y/canterbury-waterblast?c=1311%0A&src=name,,,,"<a class=""button actionCall phone-list shownumbers"" data-ga-id=""Phone_Call_Us""><i class=""icon-phone""></i> <span>Show number</span></a>",,"<meta itemprop=""email"" content=""info@h20jet.co.nz"">",
https://yellow.co.nz/y/all-about-plumbing-middleton?c=1311%0A&src=name,,,,"<a class=""button actionCall phone-list shownumbers"" data-ga-id=""Phone_Call_Us""><i class=""icon-phone""></i> <span>Show number</span></a>",,"<meta itemprop=""email"" content=""service@aapl.co.nz"">",
url,Company,MailingAddress,Contact,PhoneNumber,CellPhoneNumber,email,PhysicalAddress
https://yellow.co.nz/y/rohland-plumbing-rakaia?c=1311%0A&src=name,"<span itemprop=""name"">Rohland Plumbing Ltd</span>",<p>Po Box 39002 Harewood Christchurch 8545</p>,,"<a class=""button actionCall phone-list shownumbers"" data-ga-id=""Phone_Call_Us""><i class=""icon-phone""></i> <span>Show numbers</span></a>",,"<meta itemprop=""email"" content=""rpl2004@xtra.co.nz"">",
https://yellow.co.nz/y/dann-bros-plumbers?c=1311%0A&src=name,"<span itemprop=""name"">Dann Bros Plumbers Ltd</span>",,,"<a class=""button actionCall phone-list shownumbers"" data-ga-id=""Phone_Call_Us""><i class=""icon-phone""></i> <span>Show numbers</span></a>",,"<meta itemprop=""email"" content=""danbro@slingshot.co.nz"">",
https://yellow.co.nz/y/db-henderson-plumbing?c=1311%0A&src=name,"<span itemprop=""name"">D B Henderson Plumbing Ltd</span>",,,"<a class=""button actionCall phone-list shownumbers"" data-ga-id=""Phone_Call_Us""><i class=""icon-phone""></i> <span>Show numbers</span></a>",,"<meta itemprop=""email"" content=""dbhplumbing@xtra.co.nz"">",
https://yellow.co.nz/y/chris-dickson-west-melton-2?c=1311%0A&src=name,"<span itemprop=""name"">Chris Dickson Plumbing Ltd</span>",,,"<a class=""button actionCall phone-list shownumbers"" data-ga-id=""Phone_Call_Us""><i class=""icon-phone""></i> <span>Show numbers</span></a>",,"<meta itemprop=""email"" content=""dicksonplumbing@xtra.co.nz"">",
https://yellow.co.nz/y/mj-robertson-plumbing-west?c=1311%0A&src=name,"<span itemprop=""name"">M J Robertson Plumbing Ltd</span>",,,"<a class=""button actionCall phone-list shownumbers"" data-ga-id=""Phone_Call_Us""><i class=""icon-phone""></i> <span>Show numbers</span></a>",,"<meta itemprop=""email"" content=""office@mjr.co.nz"">",
https://yellow.co.nz/y/bamford-plumbing-culverden-2?c=1311%0A&src=name,"<span itemprop=""name"">Bamford Plumbing</span>",,,"<a class=""button actionCall phone-list shownumbers"" data-ga-id=""Phone_Call_Us""><i class=""icon-phone""></i> <span>Show numbers</span></a>",,"<meta itemprop=""email"" content=""bamfordplumbing@xtra.co.nz"">",
https://yellow.co.nz/y/doakys-plumbing-elgin?c=1311%0A&src=name,"<span itemprop=""name"">Doaky's Plumbing Ltd</span>",<p>2004</p>,,"<a class=""button actionCall phone-list shownumbers"" data-ga-id=""Phone_Call_Us""><i class=""icon-phone""></i> <span>Show number</span></a>",,"<meta itemprop=""email"" content=""doakys@xtra.co.nz"">",
https://yellow.co.nz/y/mike-cairns-gas?c=1311%0A&src=name,"<span itemprop=""name"">Mike Cairns Gas &amp; Plumbing</span>",,,"<a class=""button actionCall phone-list shownumbers"" data-ga-id=""Phone_Call_Us""><i class=""icon-phone""></i> <span>Show number</span></a>",,"<meta itemprop=""email"" content=""mike_cairns@ymail.com"">",
https://yellow.co.nz/y/plumb-fast-christchurch-3?c=1311%0A&src=name,"<span itemprop=""name"">Plumb - Fast Ltd</span>",,,"<a class=""button actionCall phone-list shownumbers"" data-ga-id=""Phone_Call_Us""><i class=""icon-phone""></i> <span>Show numbers</span></a>",,"<meta itemprop=""email"" content=""glen@plumbfast.co.nz"">",
https://yellow.co.nz/y/brians-plumbing-services-ltd?c=1311%0A&src=name,"<span itemprop=""name"">Brians Plumbing Services Ltd</span>",,,"<a class=""button actionCall phone-list shownumbers"" data-ga-id=""Phone_Call_Us""><i class=""icon-phone""></i> <span>Show numbers</span></a>",,"<meta itemprop=""email"" content=""brianspsltd@Icloud.com"">",
https://yellow.co.nz/y/kaikoura-plumbing-drainage?c=1311%0A&src=name,"<span itemprop=""name"">Kaikoura Plumbing Drainage &amp; Gasfitting Services</span>",,,"<a class=""button actionCall phone-list shownumbers"" data-ga-id=""Phone_Call_Us""><i class=""icon-phone""></i> <span>Show numbers</span></a>",,"<meta itemprop=""email"" content=""s.r.oreilly@hotmail.com"">",
https://yellow.co.nz/y/dave-workman-ashburton?c=1311%0A&src=name,"<span itemprop=""name"">Dave Workman Plumbing Heating &amp; Gas Fitting Ltd</span>",<p>  ASHBURTON 7740</p>,,"<a class=""button actionCall phone-list shownumbers"" data-ga-id=""Phone_Call_Us""><i class=""icon-phone""></i> <span>Show numbers</span></a>",,"<meta itemprop=""email"" content=""daveworkman.plumbing@gmail.com"">",
https://yellow.co.nz/y/north-canterbury-plumbing?c=1311%0A&src=name,"<span itemprop=""name"">North Canterbury Plumbing</span>",,,"<a class=""button actionCall phone-list shownumbers"" data-ga-id=""Phone_Call_Us""><i class=""icon-phone""></i> <span>Show number</span></a>",,"<meta itemprop=""email"" content=""plumber@majorleak.net"">",
https://yellow.co.nz/y/dj-plumbing-aotearoa?c=1311%0A&src=name,"<span itemprop=""name"">DJ Plumbing - Aotearoa Ltd</span>",<p>2006</p>,,"<a class=""button actionCall phone-list shownumbers"" data-ga-id=""Phone_Call_Us""><i class=""icon-phone""></i> <span>Show numbers</span></a>",,"<meta itemprop=""email"" content=""djplumbing@xtra.co.nz"">",
https://yellow.co.nz/y/richard-rea-coleridge-street-2?c=1311%0A&src=name,"<span itemprop=""name"">Richard Rea Plumbing Ltd</span>",,,"<a class=""button actionCall phone-list shownumbers"" data-ga-id=""Phone_Call_Us""><i class=""icon-phone""></i> <span>Show number</span></a>",,"<meta itemprop=""email"" content=""r.rea@plumbing4u.co.nz"">",
https://yellow.co.nz/y/city-drainage-blocked-drains?c=1311%0A&src=name,"<span itemprop=""name"">POOMAN NZ LTD</span>",<p>PO BOX 20492 Bishopdale Christchurch 8543</p>,,"<a class=""button actionCall phone-list shownumbers"" data-ga-id=""Phone_Call_Us""><i class=""icon-phone""></i> <span>Show numbers</span></a>",,"<meta itemprop=""email"" content=""darren@citydrains.co.nz"">",
https://yellow.co.nz/y/michael-gale-plumbing-retreat?c=1311%0A&src=name,"<span itemprop=""name"">Michael Gale Plumbing</span>",,,"<a class=""button actionCall phone-list shownumbers"" data-ga-id=""Phone_Call_Us""><i class=""icon-phone""></i> <span>Show number</span></a>",,"<meta itemprop=""email"" content=""mike.gale@xtra.co.nz"">",
https://yellow.co.nz/y/body-ken-plumbing?c=1311%0A&src=name,"<span itemprop=""name"">Body Ken Plumbing</span>",,,"<a class=""button actionCall phone-list shownumbers"" data-ga-id=""Phone_Call_Us""><i class=""icon-phone""></i> <span>Show numbers</span></a>",,"<meta itemprop=""email"" content=""kenbodyplumbing@xtra.co.nz"">",
https://yellow.co.nz/y/linwood-plumbing-christchurch?c=1311%0A&src=name,"<span itemprop=""name"">Linwood Plumbing</span>","<p>646  Gloucester St Linwood, Christchurch 8062</p>",,"<a class=""button actionCall phone-list shownumbers"" data-ga-id=""Phone_Call_Us""><i class=""icon-phone""></i> <span>Show numbers</span></a>",,"<meta itemprop=""email"" content=""linwoodplumbing@hotmail.co.nz"">",
https://yellow.co.nz/y/gg-don-sturrocks?c=1311%0A&src=name,"<span itemprop=""name"">G G Don Ltd</span>",,,"<a class=""button actionCall phone-list shownumbers"" data-ga-id=""Phone_Call_Us""><i class=""icon-phone""></i> <span>Show numbers</span></a>",,"<meta itemprop=""email"" content=""office@ggdon.co.nz"">",
https://yellow.co.nz/y/walton-plumbing-coleridge-street?c=1311%0A&src=name,"<span itemprop=""name"">Walton Plumbing Ltd</span>",,,"<a class=""button actionCall phone-list shownumbers"" data-ga-id=""Phone_Call_Us""><i class=""icon-phone""></i> <span>Show numbers</span></a>",,"<meta itemprop=""email"" content=""waltonpl@ihug.co.nz"">",
https://yellow.co.nz/y/all-about-middleton?c=1311%0A&src=name,"<span itemprop=""name"">All About Plumbing</span>",,,"<a class=""button actionCall phone-list shownumbers"" data-ga-id=""Phone_Call_Us""><i class=""icon-phone""></i> <span>Show numbers</span></a>",,"<meta itemprop=""email"" content=""richard@allaboutplumbing.co.nz"">",
https://yellow.co.nz/y/4-ever-swannanoa?c=1311%0A&src=name,"<span itemprop=""name"">4 Ever Plumbing</span>",,,"<a class=""button actionCall phone-list shownumbers"" data-ga-id=""Phone_Call_Us""><i class=""icon-phone""></i> <span>Show numbers</span></a>",,"<meta itemprop=""email"" content=""plumber_27@yahoo.com"">",
https://yellow.co.nz/y/warwick-kirwan-plumbing?c=1311%0A&src=name,,,,"<a class=""button actionCall phone-list shownumbers"" data-ga-id=""Phone_Call_Us""><i class=""icon-phone""></i> <span>Show number</span></a>",,,
https://yellow.co.nz/y/reliance-plumbing?c=1311%0A&src=name,,,,"<a class=""button actionCall phone-list shownumbers"" data-ga-id=""Phone_Call_Us""><i class=""icon-phone""></i> <span>Show number</span></a>",,,
https://yellow.co.nz/y/hunter-plumbing?c=1311%0A&src=name,,,,"<a class=""button actionCall phone-list shownumbers"" data-ga-id=""Phone_Call_Us""><i class=""icon-phone""></i> <span>Show number</span></a>",,"<meta itemprop=""email"" content=""hunterplumbing@ymail.com"">",
https://yellow.co.nz/y/kevin-baker-plumbing?c=1311%0A&src=name,,<p>None</p>,,"<a class=""button actionCall phone-list shownumbers"" data-ga-id=""Phone_Call_Us""><i class=""icon-phone""></i> <span>Show number</span></a>",,"<meta itemprop=""email"" content=""kbaker@ihug.co.nz"">",
https://yellow.co.nz/y/kj-body-plumbing?c=1311%0A&src=name,,,,"<a class=""button actionCall phone-list shownumbers"" data-ga-id=""Phone_Call_Us""><i class=""icon-phone""></i> <span>Show number</span></a>",,"<meta itemprop=""email"" content=""kenbodyplumbing@xtra.co.nz"">",
https://yellow.co.nz/y/garden-city-plumbers?c=1311%0A&src=name,,,,"<a class=""button actionCall phone-list shownumbers"" data-ga-id=""Phone_Call_Us""><i class=""icon-phone""></i> <span>Show number</span></a>",,"<meta itemprop=""email"" content=""bandcnettleton@xtra.co.nz"">",
https://yellow.co.nz/y/nick-jones-christchurch?c=1311%0A&src=name,,,,"<a class=""button actionCall phone-list shownumbers"" data-ga-id=""Phone_Call_Us""><i class=""icon-phone""></i> <span>Show number</span></a>",,"<meta itemprop=""email"" content=""njpl@ihug.co.nz"">",
https://yellow.co.nz/y/foley-plumbers-eglinton?c=1311%0A&src=name,,,,"<a class=""button actionCall phone-list shownumbers"" data-ga-id=""Phone_Call_Us""><i class=""icon-phone""></i> <span>Show number</span></a>",,"<meta itemprop=""email"" content=""craig@foleyplumbers.co.nz"">",
https://yellow.co.nz/y/henderson-db-plumbing?c=1311%0A&src=name,,,,"<a class=""button actionCall phone-list shownumbers"" data-ga-id=""Phone_Call_Us""><i class=""icon-phone""></i> <span>Show number</span></a>",,,
https://yellow.co.nz/y/pooman-nz?c=1311%0A&src=name,,,,"<a class=""button actionCall phone-list shownumbers"" data-ga-id=""Phone_Call_Us""><i class=""icon-phone""></i> <span>Show number</span></a>",,"<meta itemprop=""email"" content=""darren@citydrains.co.nz"">",
https://yellow.co.nz/y/richard-rea-plumbing-coleridge?c=13974%0A&src=name,,,,"<a class=""button actionCall phone-list shownumbers"" data-ga-id=""Phone_Call_Us""><i class=""icon-phone""></i> <span>Show number</span></a>",,"<meta itemprop=""email"" content=""r.rea@plumbing4u.co.nz"">",
https://yellow.co.nz/y/zenith-water-heaters-sydenham?c=1311%0A&src=name,,,,"<a class=""button actionCall phone-list shownumbers"" data-ga-id=""Phone_Call_Us""><i class=""icon-phone""></i> <span>Show number</span></a>",,"<meta itemprop=""email"" content=""plumbers@clyne-bennie.co.nz"">",
https://yellow.co.nz/y/plastec-plastic-repair-clinic?c=1311%0A&src=name,,"<p>Free Off-Street</p>,<p>Free On-Street</p>",,"<a class=""button actionCall phone-list shownumbers"" data-ga-id=""Phone_Call_Us""><i class=""icon-phone""></i> <span>Show number</span></a>",,"<meta itemprop=""email"" content=""plastec@ihug.co.nz"">",
https://yellow.co.nz/y/mike-cairns-sumner?c=1311%0A&src=name,,,,"<a class=""button actionCall phone-list shownumbers"" data-ga-id=""Phone_Call_Us""><i class=""icon-phone""></i> <span>Show number</span></a>",,,
https://yellow.co.nz/y/farrelly-wr?c=1311%0A&src=name,,,,"<a class=""button actionCall phone-list shownumbers"" data-ga-id=""Phone_Call_Us""><i class=""icon-phone""></i> <span>Show number</span></a>",,,
https://yellow.co.nz/y/united-plumbers-shirley?c=1311%0A&src=name,,,,"<a class=""button actionCall phone-list shownumbers"" data-ga-id=""Phone_Call_Us""><i class=""icon-phone""></i> <span>Show number</span></a>",,"<meta itemprop=""email"" content=""alan@sinclairplumbing.co.nz"">",
https://yellow.co.nz/y/aquatec-plumbing-2013?c=1311%0A&src=name,,,,"<a class=""button actionCall phone-list shownumbers"" data-ga-id=""Phone_Call_Us""><i class=""icon-phone""></i> <span>Show number</span></a>",,,
https://yellow.co.nz/y/southplumb?c=1311%0A&src=name,,,,"<a class=""button actionCall phone-list shownumbers"" data-ga-id=""Phone_Call_Us""><i class=""icon-phone""></i> <span>Show number</span></a>",,"<meta itemprop=""email"" content=""southplumb@xtra.co.nz"">",
https://yellow.co.nz/y/canterbury-waterblast?c=1311%0A&src=name,,,,"<a class=""button actionCall phone-list shownumbers"" data-ga-id=""Phone_Call_Us""><i class=""icon-phone""></i> <span>Show number</span></a>",,"<meta itemprop=""email"" content=""info@h20jet.co.nz"">",
https://yellow.co.nz/y/sleight-plumbing-juliet-place?c=1311%0A&src=name,,,,"<a class=""button actionCall phone-list shownumbers"" data-ga-id=""Phone_Call_Us""><i class=""icon-phone""></i> <span>Show number</span></a>",,"<meta itemprop=""email"" content=""tehaara@slingshot.co.nz"">",
https://yellow.co.nz/y/mr-washer-plumber?c=1311%0A&src=name,,,,"<a class=""button actionCall phone-list shownumbers"" data-ga-id=""Phone_Call_Us""><i class=""icon-phone""></i> <span>Show number</span></a>",,,
https://yellow.co.nz/y/rpl-plumbing-wairakei?c=1311%0A&src=name,,,,"<a class=""button actionCall phone-list shownumbers"" data-ga-id=""Phone_Call_Us""><i class=""icon-phone""></i> <span>Show number</span></a>",,"<meta itemprop=""email"" content=""rpl2004@xtra.co.nz"">",
https://yellow.co.nz/y/porter-ian?c=1311%0A&src=name,,,,"<a class=""button actionCall phone-list shownumbers"" data-ga-id=""Phone_Call_Us""><i class=""icon-phone""></i> <span>Show number</span></a>",,,
https://yellow.co.nz/y/cam-stevens-plumbing?c=1311%0A&src=name,,,,"<a class=""button actionCall phone-list shownumbers"" data-ga-id=""Phone_Call_Us""><i class=""icon-phone""></i> <span>Show number</span></a>",,"<meta itemprop=""email"" content=""cam@camstevensplumbing.co.nz"">",
https://yellow.co.nz/y/just-plumbing-belfast?c=1311%0A&src=name,,,,"<a class=""button actionCall phone-list shownumbers"" data-ga-id=""Phone_Call_Us""><i class=""icon-phone""></i> <span>Show number</span></a>",,"<meta itemprop=""email"" content=""plug@xtra.co.nz"">",
https://yellow.co.nz/y/plumb-right-somerfield?c=1311%0A&src=name,,<p>None</p>,,"<a class=""button actionCall phone-list shownumbers"" data-ga-id=""Phone_Call_Us""><i class=""icon-phone""></i> <span>Show number</span></a>",,"<meta itemprop=""email"" content=""info@plumb-right.co.nz"">",
https://yellow.co.nz/y/martin-fry-plumbing-shirley?c=1311%0A&src=name,,,,"<a class=""button actionCall phone-list shownumbers"" data-ga-id=""Phone_Call_Us""><i class=""icon-phone""></i> <span>Show number</span></a>",,,
https://yellow.co.nz/y/laser-plumbing-christchurch-east?c=1311%0A&src=name,,,,"<a class=""button actionCall phone-list shownumbers"" data-ga-id=""Phone_Call_Us""><i class=""icon-phone""></i> <span>Show number</span></a>",,"<meta itemprop=""email"" content=""chcheast@laserplumbing.co.nz"">",
https://yellow.co.nz/y/action-plumbing-gas-drainage?c=1311%0A&src=name,,,,"<a class=""button actionCall phone-list shownumbers"" data-ga-id=""Phone_Call_Us""><i class=""icon-phone""></i> <span>Show number</span></a>",,"<meta itemprop=""email"" content=""info@actionplumbing.co.nz"">",
https://yellow.co.nz/y/elite-plumbing-oxford?c=1311%0A&src=name,,,,"<a class=""button actionCall phone-list shownumbers"" data-ga-id=""Phone_Call_Us""><i class=""icon-phone""></i> <span>Show number</span></a>",,"<meta itemprop=""email"" content=""eliteplumbingchch@gmail.com"">",
https://yellow.co.nz/y/construction-plumbing-services?c=1311%0A&src=name,,,,"<a class=""button actionCall phone-list shownumbers"" data-ga-id=""Phone_Call_Us""><i class=""icon-phone""></i> <span>Show number</span></a>",,"<meta itemprop=""email"" content=""heasley@xtra.co.nz"">",
https://yellow.co.nz/y/artisan-plumbing-gas-rangiora?c=1311%0A&src=name,,,,"<a class=""button actionCall phone-list shownumbers"" data-ga-id=""Phone_Call_Us""><i class=""icon-phone""></i> <span>Show number</span></a>",,,
https://yellow.co.nz/y/city-drainage-blocked?c=1311%0A&src=name,,,,"<a class=""button actionCall phone-list shownumbers"" data-ga-id=""Phone_Call_Us""><i class=""icon-phone""></i> <span>Show number</span></a>",,"<meta itemprop=""email"" content=""darren@citydrains.co.nz"">",
https://yellow.co.nz/y/tm-plumbing-and?c=1311%0A&src=name,,,,"<a class=""button actionCall phone-list shownumbers"" data-ga-id=""Phone_Call_Us""><i class=""icon-phone""></i> <span>Show number</span></a>",,"<meta itemprop=""email"" content=""mark@tmplumbing.co.nz"">",
https://yellow.co.nz/y/richard-ilott-plumbing?c=1311%0A&src=name,,<p>None</p>,,"<a class=""button actionCall phone-list shownumbers"" data-ga-id=""Phone_Call_Us""><i class=""icon-phone""></i> <span>Show number</span></a>",,"<meta itemprop=""email"" content=""ilottplumbing@gmail.com"">",
https://yellow.co.nz/y/twsm-barker-plumbing-balcairn?c=1311%0A&src=name,,,,"<a class=""button actionCall phone-list shownumbers"" data-ga-id=""Phone_Call_Us""><i class=""icon-phone""></i> <span>Show number</span></a>",,,
https://yellow.co.nz/y/shelley-cnma?c=1311%0A&src=name,,,,"<a class=""button actionCall phone-list shownumbers"" data-ga-id=""Phone_Call_Us""><i class=""icon-phone""></i> <span>Show number</span></a>",,,
https://yellow.co.nz/y/plumbher?c=1311%0A&src=name,,,,"<a class=""button actionCall phone-list shownumbers"" data-ga-id=""Phone_Call_Us""><i class=""icon-phone""></i> <span>Show number</span></a>",,,
https://yellow.co.nz/y/ron-gardiner-plumbing?c=1311%0A&src=name,,,,"<a class=""button actionCall phone-list shownumbers"" data-ga-id=""Phone_Call_Us""><i class=""icon-phone""></i> <span>Show number</span></a>",,"<meta itemprop=""email"" content=""gardinerplumbing@gmail.com"">",
https://yellow.co.nz/y/advantage?c=1311%0A&src=name,,,,"<a class=""button actionCall phone-list shownumbers"" data-ga-id=""Phone_Call_Us""><i class=""icon-phone""></i> <span>Show number</span></a>",,"<meta itemprop=""email"" content=""enquiries@advantageqt.co.nz"">",
https://yellow.co.nz/y/phil-golding-plumbing?c=1311%0A&src=name,,<p>None</p>,,"<a class=""button actionCall phone-list shownumbers"" data-ga-id=""Phone_Call_Us""><i class=""icon-phone""></i> <span>Show number</span></a>",,"<meta itemprop=""email"" content=""goldingplumbing@xtra.co.nz"">",
https://yellow.co.nz/y/waterworks-plumbing?c=1311%0A&src=name,,,,"<a class=""button actionCall phone-list shownumbers"" data-ga-id=""Phone_Call_Us""><i class=""icon-phone""></i> <span>Show number</span></a>",,,
https://yellow.co.nz/y/brooklyn-services-spreydon?c=656%0A&src=name,,,,"<a class=""button actionCall phone-list shownumbers"" data-ga-id=""Phone_Call_Us""><i class=""icon-phone""></i> <span>Show number</span></a>",,"<meta itemprop=""email"" content=""sam@brooklynservices.co.nz"">",
https://yellow.co.nz/y/akaroa-plumbing?c=1311%0A&src=name,,,,"<a class=""button actionCall phone-list shownumbers"" data-ga-id=""Phone_Call_Us""><i class=""icon-phone""></i> <span>Show number</span></a>",,,
https://yellow.co.nz/y/michael-gale-plumbing?c=1311%0A&src=name,,,,"<a class=""button actionCall phone-list shownumbers"" data-ga-id=""Phone_Call_Us""><i class=""icon-phone""></i> <span>Show number</span></a>",,,
https://yellow.co.nz/y/white-taylor?c=1311%0A&src=name,,"<p>Free On-Street</p>,<p>Free Off-Street</p>",,"<a class=""button actionCall phone-list shownumbers"" data-ga-id=""Phone_Call_Us""><i class=""icon-phone""></i> <span>Show number</span></a>",,"<meta itemprop=""email"" content=""whitetaylor@xtra.co.nz"">",
https://yellow.co.nz/y/whitehead-plumbing-gas?c=100010%0A&src=name,,,,"<a class=""button actionCall phone-list shownumbers"" data-ga-id=""Phone_Call_Us""><i class=""icon-phone""></i> <span>Show number</span></a>",,"<meta itemprop=""email"" content=""info@whiteheadplumbing.co.nz"">",
https://yellow.co.nz/y/impact-plumbing-woolston?c=1311%0A&src=name,,,,"<a class=""button actionCall phone-list shownumbers"" data-ga-id=""Phone_Call_Us""><i class=""icon-phone""></i> <span>Show number</span></a>",,,
https://yellow.co.nz/y/laser-plumbing-christchurch-west?c=1311%0A&src=name,,<p>PO BOX 16589 Christchurch Christchurch 8441</p>,,"<a class=""button actionCall phone-list shownumbers"" data-ga-id=""Phone_Call_Us""><i class=""icon-phone""></i> <span>Show numbers</span></a>",,"<meta itemprop=""email"" content=""chchwest@laserplumbing.co.nz"">",
https://yellow.co.nz/y/ar-edwards-plumbers?c=1311%0A&src=name,,,,"<a class=""button actionCall phone-list shownumbers"" data-ga-id=""Phone_Call_Us""><i class=""icon-phone""></i> <span>Show number</span></a>",,,
https://yellow.co.nz/y/plumbing-pro-north-christchurch?c=1311%0A&src=name,"<span itemprop=""name"">Plumbing Pro North Canterbury Ltd</span>",,,"<a class=""button actionCall phone-list shownumbers"" data-ga-id=""Phone_Call_Us""><i class=""icon-phone""></i> <span>Show numbers</span></a>",,"<meta itemprop=""email"" content=""info@plumbingpro.co.nz"">",
https://yellow.co.nz/y/gg-don?c=1311%0A&src=name,"<span itemprop=""name"">G G Don Ltd</span>",,,"<a class=""button actionCall phone-list shownumbers"" data-ga-id=""Phone_Call_Us""><i class=""icon-phone""></i> <span>Show number</span></a>",,"<meta itemprop=""email"" content=""office@ggdon.co.nz"">",
https://yellow.co.nz/y/layne-watson-plumbing?c=1311%0A&src=name,,,,"<a class=""button actionCall phone-list shownumbers"" data-ga-id=""Phone_Call_Us""><i class=""icon-phone""></i> <span>Show number</span></a>",,"<meta itemprop=""email"" content=""layne.watson@xtra.co.nz"">",
https://yellow.co.nz/y/plumbing-pro-north-rangiora?c=1311%0A&src=name,,,,"<a class=""button actionCall phone-list shownumbers"" data-ga-id=""Phone_Call_Us""><i class=""icon-phone""></i> <span>Show number</span></a>",,"<meta itemprop=""email"" content=""info@plumbingpro.co.nz"">",
https://yellow.co.nz/y/peter-diver-plumbing-christchurch?c=656%0A&src=name,,,,"<a class=""button actionCall phone-list shownumbers"" data-ga-id=""Phone_Call_Us""><i class=""icon-phone""></i> <span>Show number</span></a>",,,
https://yellow.co.nz/y/water-craft-plumbing-king?c=1311%0A&src=name,,,,"<a class=""button actionCall phone-list shownumbers"" data-ga-id=""Phone_Call_Us""><i class=""icon-phone""></i> <span>Show number</span></a>",,,
https://yellow.co.nz/y/dl-plumbing-gasfitting?c=1311%0A&src=name,,,,"<a class=""button actionCall phone-list shownumbers"" data-ga-id=""Phone_Call_Us""><i class=""icon-phone""></i> <span>Show number</span></a>",,"<meta itemprop=""email"" content=""dlplumbing@xtra.co.nz"">",
https://yellow.co.nz/y/port-hills-plumbing?c=1311%0A&src=name,,,,"<a class=""button actionCall phone-list shownumbers"" data-ga-id=""Phone_Call_Us""><i class=""icon-phone""></i> <span>Show number</span></a>",,,
https://yellow.co.nz/y/bc-plumbers-christchurch?c=1311%0A&src=name,,,,"<a class=""button actionCall phone-list shownumbers"" data-ga-id=""Phone_Call_Us""><i class=""icon-phone""></i> <span>Show number</span></a>",,,
https://yellow.co.nz/y/bw-jones?c=1311%0A&src=name,,,,"<a class=""button actionCall phone-list shownumbers"" data-ga-id=""Phone_Call_Us""><i class=""icon-phone""></i> <span>Show number</span></a>",,,
https://yellow.co.nz/y/linwood-plumbing-linwood?c=1311%0A&src=name,,,,"<a class=""button actionCall phone-list shownumbers"" data-ga-id=""Phone_Call_Us""><i class=""icon-phone""></i> <span>Show number</span></a>",,"<meta itemprop=""email"" content=""linwoodplumbing@hotmail.com"">",
https://yellow.co.nz/y/msr-plumbing-christchurch?c=1311%0A&src=name,,,,"<a class=""button actionCall phone-list shownumbers"" data-ga-id=""Phone_Call_Us""><i class=""icon-phone""></i> <span>Show number</span></a>",,,
https://yellow.co.nz/y/brewer-gn?c=1311%0A&src=name,,,,"<a class=""button actionCall phone-list shownumbers"" data-ga-id=""Phone_Call_Us""><i class=""icon-phone""></i> <span>Show number</span></a>",,"<meta itemprop=""email"" content=""gnbrewer@xtra.co.nz"">",
https://yellow.co.nz/y/peter-diver-plumbing?c=1311%0A&src=name,,,,"<a class=""button actionCall phone-list shownumbers"" data-ga-id=""Phone_Call_Us""><i class=""icon-phone""></i> <span>Show number</span></a>",,"<meta itemprop=""email"" content=""info@peterdiver.co.nz"">",
https://yellow.co.nz/y/1st-choice-plumbing-beckenham?c=1311%0A&src=name,,,,"<a class=""button actionCall phone-list shownumbers"" data-ga-id=""Phone_Call_Us""><i class=""icon-phone""></i> <span>Show number</span></a>",,,
https://yellow.co.nz/y/summerfield-paul-plumbing?c=1311%0A&src=name,,,,"<a class=""button actionCall phone-list shownumbers"" data-ga-id=""Phone_Call_Us""><i class=""icon-phone""></i> <span>Show number</span></a>",,,
https://yellow.co.nz/y/pamment-plumming?c=1311%0A&src=name,,,,"<a class=""button actionCall phone-list shownumbers"" data-ga-id=""Phone_Call_Us""><i class=""icon-phone""></i> <span>Show number</span></a>",,"<meta itemprop=""email"" content=""pammentplumbing@xtra.co.nz"">",
https://yellow.co.nz/y/ross-mgg-plumber?c=1311%0A&src=name,,,,"<a class=""button actionCall phone-list shownumbers"" data-ga-id=""Phone_Call_Us""><i class=""icon-phone""></i> <span>Show number</span></a>",,,
https://yellow.co.nz/y/aquarius-plumbing?c=1311%0A&src=name,,,,"<a class=""button actionCall phone-list shownumbers"" data-ga-id=""Phone_Call_Us""><i class=""icon-phone""></i> <span>Show number</span></a>",,,
https://yellow.co.nz/y/town-country-plumbing-christchurch?c=1311%0A&src=name,,,,"<a class=""button actionCall phone-list shownumbers"" data-ga-id=""Phone_Call_Us""><i class=""icon-phone""></i> <span>Show number</span></a>",,,
https://yellow.co.nz/y/plumbher-christchurch?c=1311%0A&src=name,,,,"<a class=""button actionCall phone-list shownumbers"" data-ga-id=""Phone_Call_Us""><i class=""icon-phone""></i> <span>Show number</span></a>",,,
https://yellow.co.nz/y/tidball-plumbing?c=1311%0A&src=name,,,,"<a class=""button actionCall phone-list shownumbers"" data-ga-id=""Phone_Call_Us""><i class=""icon-phone""></i> <span>Show number</span></a>",,"<meta itemprop=""email"" content=""info@plumbingpro.co.nz"">",
https://yellow.co.nz/y/infinity-plumbing?c=1311%0A&src=name,,,,"<a class=""button actionCall phone-list shownumbers"" data-ga-id=""Phone_Call_Us""><i class=""icon-phone""></i> <span>Show number</span></a>",,,
https://yellow.co.nz/y/alan-sinclair-plumbing?c=1311%0A&src=name,"<span itemprop=""name"">Alan Sinclair Plumbing</span>",,,"<a class=""button actionCall phone-list shownumbers"" data-ga-id=""Phone_Call_Us""><i class=""icon-phone""></i> <span>Show number</span></a>",,"<meta itemprop=""email"" content=""alan@sinclairplumbing.co.nz"">",
https://yellow.co.nz/y/alan-sinclair-plumbing-christchurch?c=1311%0A&src=name,"<span itemprop=""name"">Alan Sinclair Plumbing</span>",<p>Free Off-Street</p>,,"<a class=""button actionCall phone-list shownumbers"" data-ga-id=""Phone_Call_Us""><i class=""icon-phone""></i> <span>Show numbers</span></a>",,"<meta itemprop=""email"" content=""alan@sinclairplumbing.co.nz"">",
https://yellow.co.nz/y/ak-leak-detection-culverden?c=1311%0A&src=name,"<span itemprop=""name"">AK Leak Detection</span>",<p>2013</p>,,"<a class=""button actionCall phone-list shownumbers"" data-ga-id=""Phone_Call_Us""><i class=""icon-phone""></i> <span>Show numbers</span></a>",,"<meta itemprop=""email"" content=""vaughn@detectionservices.co.nz"">",
https://yellow.co.nz/y/long-plumbers-yaldhurst?c=1311%0A&src=name,"<span itemprop=""name"">Long Plumbers Ltd</span>",,,"<a class=""button actionCall phone-list shownumbers"" data-ga-id=""Phone_Call_Us""><i class=""icon-phone""></i> <span>Show numbers</span></a>",,"<meta itemprop=""email"" content=""longplumbers@xtra.co.nz"">",
https://yellow.co.nz/y/krkc-baker?c=1311%0A&src=name,"<span itemprop=""name"">Kevin Baker Plumbing Services</span>",<p>1980</p>,,"<a class=""button actionCall phone-list shownumbers"" data-ga-id=""Phone_Call_Us""><i class=""icon-phone""></i> <span>Show numbers</span></a>",,"<meta itemprop=""email"" content=""kbaker@ihug.co.nz"">",
https://yellow.co.nz/y/canterbury-waterblast-maces-road?c=1311%0A&src=name,"<span itemprop=""name"">Canterbury Waterblast Ltd</span>",<p>44  Maces Road Bromley Christchurch 8062</p>,,"<a class=""button actionCall phone-list shownumbers"" data-ga-id=""Phone_Call_Us""><i class=""icon-phone""></i> <span>Show numbers</span></a>",,"<meta itemprop=""email"" content=""admin@h20jet.co.nz"">",
https://yellow.co.nz/y/laser-plumbing-christchurch?c=1311%0A&src=name,"<span itemprop=""name"">Laser Plumbing Christchurch West</span>",,,"<a class=""button actionCall phone-list shownumbers"" data-ga-id=""Phone_Call_Us""><i class=""icon-phone""></i> <span>Show numbers</span></a>",,"<meta itemprop=""email"" content=""chchwest@laserplumbing.co.nz"">",
https://yellow.co.nz/y/brewer-gn-christchurch-2?c=1311%0A&src=name,"<span itemprop=""name"">Brewer G N Ltd</span>",,,"<a class=""button actionCall phone-list shownumbers"" data-ga-id=""Phone_Call_Us""><i class=""icon-phone""></i> <span>Show numbers</span></a>",,"<meta itemprop=""email"" content=""gnbrewer@xtra.co.nz"">",
https://yellow.co.nz/y/woodbury-plumbing-co-bishopdale?c=1311%0A&src=name,"<span itemprop=""name"">Woodbury Plumbing Co Ltd</span>",,,"<a class=""button actionCall phone-list shownumbers"" data-ga-id=""Phone_Call_Us""><i class=""icon-phone""></i> <span>Show numbers</span></a>",,"<meta itemprop=""email"" content=""rayplumb@xtra.co.nz"">",
https://yellow.co.nz/y/foley-plumbers-christchurch?c=1311%0A&src=name,"<span itemprop=""name"">Foley Plumbers Ltd</span>",,,"<a class=""button actionCall phone-list shownumbers"" data-ga-id=""Phone_Call_Us""><i class=""icon-phone""></i> <span>Show numbers</span></a>",,"<meta itemprop=""email"" content=""craig@foleyplumbers.co.nz"">",
https://yellow.co.nz/y/waimak-plumbing-woodend?c=1311%0A&src=name,"<span itemprop=""name"">Waimak Plumbing Ltd</span>",,,"<a class=""button actionCall phone-list shownumbers"" data-ga-id=""Phone_Call_Us""><i class=""icon-phone""></i> <span>Show numbers</span></a>",,"<meta itemprop=""email"" content=""ross@waimakplumbing.co.nz"">",
https://yellow.co.nz/y/clyne-bennie-plumbing?c=1311%0A&src=name,"<span itemprop=""name"">Clyne &amp; Bennie Plumbing</span>",,,"<a class=""button actionCall phone-list shownumbers"" data-ga-id=""Phone_Call_Us""><i class=""icon-phone""></i> <span>Show numbers</span></a>",,"<meta itemprop=""email"" content=""plumbers@clyne-bennie.co.nz"">",
https://yellow.co.nz/y/brooklyn-services?c=1311%0A&src=name,"<span itemprop=""name"">Brooklyn Services Limited</span>",<p>PO BOX 30091 Barrington Christchurch 8244</p>,,"<a class=""button actionCall phone-list shownumbers"" data-ga-id=""Phone_Call_Us""><i class=""icon-phone""></i> <span>Show numbers</span></a>",,"<meta itemprop=""email"" content=""sam@brooklynservices.co.nz"">",
https://yellow.co.nz/y/whitehead-plumbing-gas-christchurch?c=1311%0A&src=name,"<span itemprop=""name"">Whitehead Plumbing &amp; Gas Ltd</span>",,,"<a class=""button actionCall phone-list shownumbers"" data-ga-id=""Phone_Call_Us""><i class=""icon-phone""></i> <span>Show numbers</span></a>",,"<meta itemprop=""email"" content=""info@whiteheadplumbing.co.nz"">",
https://yellow.co.nz/y/reliance-plumbing-hoon?c=1311%0A&src=name,"<span itemprop=""name"">Reliance Plumbing</span>",,,"<a class=""button actionCall phone-list shownumbers"" data-ga-id=""Phone_Call_Us""><i class=""icon-phone""></i> <span>Show numbers</span></a>",,"<meta itemprop=""email"" content=""relianceplumbers1@gmail.com"">",
https://yellow.co.nz/y/peter-diver-plumbing-drainage?c=1311%0A&src=name,"<span itemprop=""name"">Peter Diver Plumbing &amp; Drainage Ltd</span>",,,"<a class=""button actionCall phone-list shownumbers"" data-ga-id=""Phone_Call_Us""><i class=""icon-phone""></i> <span>Show numbers</span></a>",,"<meta itemprop=""email"" content=""admin@peterdiver.co.nz"">",
https://yellow.co.nz/y/layne-watson-christchurch-2?c=1311%0A&src=name,"<span itemprop=""name"">Layne Watson Plumbing Limited</span>",,,"<a class=""button actionCall phone-list shownumbers"" data-ga-id=""Phone_Call_Us""><i class=""icon-phone""></i> <span>Show numbers</span></a>",,"<meta itemprop=""email"" content=""layne.watson@xtra.co.nz"">",
